{
  "generationParameters": {
    "generationDate": "Fri Jun 27 2025 16:37:38 GMT+0000 (Coordinated Universal Time)",
    "generatorPlatform": "SAP Business Application Studio",
    "serviceType": "Local Cap",
    "metadataFilename": "",
    "serviceUrl": "http://localhost:4004/odata/v4/ProcessorService/",
    "appName": "incidents",
    "appTitle": "Incident-Management",
    "appDescription": "An SAP Fiori application.",
    "appNamespace": "ns",
    "ui5Theme": "sap_horizon",
    "ui5Version": "1.136.2",
    "enableCodeAssist": false,
    "enableEslint": false,
    "showMockDataInfo": false,
    "generatorVersion": "1.18.1",
    "template": "List Report Page V4",
    "generatorName": "SAP Fiori Application Generator",
    "entityRelatedConfig": [
      {
        "type": "Main Entity",
        "value": "Incidents"
      },
      {
        "type": "Navigation Entity",
        "value": "None"
      }
    ],
    "launchText": "In order to launch the generated app, simply start your CAP project (```mvn spring-boot:run```) and navigate to the following location in your browser:\n\nhttp://localhost:8080/incidents/webapp/index.html"
  }
}
