<?xml version="1.0" encoding="utf-8"?>
<edmx:Edmx Version="4.0" xmlns:edmx="http://docs.oasis-open.org/odata/ns/edmx">
  <edmx:Reference Uri="https://oasis-tcs.github.io/odata-vocabularies/vocabularies/Org.OData.Capabilities.V1.xml">
    <edmx:Include Alias="Capabilities" Namespace="Org.OData.Capabilities.V1"/>
  </edmx:Reference>
  <edmx:Reference Uri="https://sap.github.io/odata-vocabularies/vocabularies/Common.xml">
    <edmx:Include Alias="Common" Namespace="com.sap.vocabularies.Common.v1"/>
  </edmx:Reference>
  <edmx:Reference Uri="https://oasis-tcs.github.io/odata-vocabularies/vocabularies/Org.OData.Core.V1.xml">
    <edmx:Include Alias="Core" Namespace="Org.OData.Core.V1"/>
  </edmx:Reference>
  <edmx:Reference Uri="https://sap.github.io/odata-vocabularies/vocabularies/UI.xml">
    <edmx:Include Alias="UI" Namespace="com.sap.vocabularies.UI.v1"/>
  </edmx:Reference>
  <edmx:Reference Uri="https://oasis-tcs.github.io/odata-vocabularies/vocabularies/Org.OData.Validation.V1.xml">
    <edmx:Include Alias="Validation" Namespace="Org.OData.Validation.V1"/>
  </edmx:Reference>
  <edmx:DataServices>
    <Schema Namespace="ProcessorService" xmlns="http://docs.oasis-open.org/odata/ns/edm">
      <Annotation Term="Core.Links">
        <Collection>
          <Record>
            <PropertyValue Property="rel" String="author"/>
            <PropertyValue Property="href" String="https://cap.cloud.sap"/>
          </Record>
        </Collection>
      </Annotation>
      <EntityContainer Name="EntityContainer">
        <EntitySet Name="Incidents" EntityType="ProcessorService.Incidents">
          <NavigationPropertyBinding Path="customer" Target="Customers"/>
          <NavigationPropertyBinding Path="urgency" Target="Urgency"/>
          <NavigationPropertyBinding Path="status" Target="Status"/>
          <NavigationPropertyBinding Path="conversation" Target="Incidents_conversation"/>
          <NavigationPropertyBinding Path="customerAddress" Target="Addresses"/>
          <NavigationPropertyBinding Path="SiblingEntity" Target="Incidents"/>
        </EntitySet>
        <EntitySet Name="Customers" EntityType="ProcessorService.Customers">
          <NavigationPropertyBinding Path="incidents" Target="Incidents"/>
          <NavigationPropertyBinding Path="addresses" Target="Addresses"/>
        </EntitySet>
        <EntitySet Name="Addresses" EntityType="ProcessorService.Addresses">
          <NavigationPropertyBinding Path="customer" Target="Customers"/>
        </EntitySet>
        <EntitySet Name="Urgency" EntityType="ProcessorService.Urgency">
          <NavigationPropertyBinding Path="texts" Target="Urgency_texts"/>
          <NavigationPropertyBinding Path="localized" Target="Urgency_texts"/>
        </EntitySet>
        <EntitySet Name="Status" EntityType="ProcessorService.Status">
          <NavigationPropertyBinding Path="texts" Target="Status_texts"/>
          <NavigationPropertyBinding Path="localized" Target="Status_texts"/>
        </EntitySet>
        <EntitySet Name="Incidents_conversation" EntityType="ProcessorService.Incidents_conversation">
          <NavigationPropertyBinding Path="up_" Target="Incidents"/>
          <NavigationPropertyBinding Path="SiblingEntity" Target="Incidents_conversation"/>
        </EntitySet>
        <EntitySet Name="Urgency_texts" EntityType="ProcessorService.Urgency_texts"/>
        <EntitySet Name="Status_texts" EntityType="ProcessorService.Status_texts"/>
      </EntityContainer>
      <EntityType Name="Incidents">
        <Key>
          <PropertyRef Name="ID"/>
          <PropertyRef Name="IsActiveEntity"/>
        </Key>
        <Property Name="ID" Type="Edm.Guid" Nullable="false"/>
        <Property Name="createdAt" Type="Edm.DateTimeOffset" Precision="7"/>
        <Property Name="createdBy" Type="Edm.String" MaxLength="255"/>
        <Property Name="modifiedAt" Type="Edm.DateTimeOffset" Precision="7"/>
        <Property Name="modifiedBy" Type="Edm.String" MaxLength="255"/>
        <NavigationProperty Name="customer" Type="ProcessorService.Customers" Partner="incidents">
          <ReferentialConstraint Property="customer_ID" ReferencedProperty="ID"/>
        </NavigationProperty>
        <Property Name="customer_ID" Type="Edm.String"/>
        <Property Name="title" Type="Edm.String"/>
        <NavigationProperty Name="urgency" Type="ProcessorService.Urgency">
          <ReferentialConstraint Property="urgency_code" ReferencedProperty="code"/>
        </NavigationProperty>
        <Property Name="urgency_code" Type="Edm.String" DefaultValue="M"/>
        <NavigationProperty Name="status" Type="ProcessorService.Status">
          <ReferentialConstraint Property="status_code" ReferencedProperty="code"/>
        </NavigationProperty>
        <Property Name="status_code" Type="Edm.String" DefaultValue="N"/>
        <NavigationProperty Name="conversation" Type="Collection(ProcessorService.Incidents_conversation)" Partner="up_">
          <OnDelete Action="Cascade"/>
        </NavigationProperty>
        <NavigationProperty Name="customerAddress" Type="Collection(ProcessorService.Addresses)"/>
        <Property Name="IsActiveEntity" Type="Edm.Boolean" Nullable="false" DefaultValue="true"/>
        <Property Name="HasActiveEntity" Type="Edm.Boolean" Nullable="false" DefaultValue="false"/>
        <Property Name="HasDraftEntity" Type="Edm.Boolean" Nullable="false" DefaultValue="false"/>
        <NavigationProperty Name="DraftAdministrativeData" Type="ProcessorService.DraftAdministrativeData" ContainsTarget="true"/>
        <NavigationProperty Name="SiblingEntity" Type="ProcessorService.Incidents"/>
      </EntityType>
      <EntityType Name="Customers">
        <Key>
          <PropertyRef Name="ID"/>
        </Key>
        <Property Name="createdAt" Type="Edm.DateTimeOffset" Precision="7"/>
        <Property Name="createdBy" Type="Edm.String" MaxLength="255"/>
        <Property Name="modifiedAt" Type="Edm.DateTimeOffset" Precision="7"/>
        <Property Name="modifiedBy" Type="Edm.String" MaxLength="255"/>
        <Property Name="ID" Type="Edm.String" Nullable="false"/>
        <Property Name="firstName" Type="Edm.String"/>
        <Property Name="lastName" Type="Edm.String"/>
        <Property Name="name" Type="Edm.String"/>
        <Property Name="email" Type="Edm.String"/>
        <Property Name="phone" Type="Edm.String"/>
        <NavigationProperty Name="incidents" Type="Collection(ProcessorService.Incidents)" Partner="customer"/>
        <Property Name="creditCardNo" Type="Edm.String" MaxLength="16"/>
        <NavigationProperty Name="addresses" Type="Collection(ProcessorService.Addresses)" Partner="customer">
          <OnDelete Action="Cascade"/>
        </NavigationProperty>
      </EntityType>
      <EntityType Name="Addresses">
        <Key>
          <PropertyRef Name="ID"/>
        </Key>
        <Property Name="ID" Type="Edm.Guid" Nullable="false"/>
        <Property Name="createdAt" Type="Edm.DateTimeOffset" Precision="7"/>
        <Property Name="createdBy" Type="Edm.String" MaxLength="255"/>
        <Property Name="modifiedAt" Type="Edm.DateTimeOffset" Precision="7"/>
        <Property Name="modifiedBy" Type="Edm.String" MaxLength="255"/>
        <NavigationProperty Name="customer" Type="ProcessorService.Customers" Partner="addresses">
          <ReferentialConstraint Property="customer_ID" ReferencedProperty="ID"/>
        </NavigationProperty>
        <Property Name="customer_ID" Type="Edm.String"/>
        <Property Name="city" Type="Edm.String"/>
        <Property Name="postCode" Type="Edm.String"/>
        <Property Name="streetAddress" Type="Edm.String"/>
      </EntityType>
      <EntityType Name="Urgency">
        <Key>
          <PropertyRef Name="code"/>
        </Key>
        <Property Name="name" Type="Edm.String" MaxLength="255"/>
        <Property Name="descr" Type="Edm.String" MaxLength="1000"/>
        <Property Name="code" Type="Edm.String" Nullable="false"/>
        <NavigationProperty Name="texts" Type="Collection(ProcessorService.Urgency_texts)">
          <OnDelete Action="Cascade"/>
        </NavigationProperty>
        <NavigationProperty Name="localized" Type="ProcessorService.Urgency_texts">
          <ReferentialConstraint Property="code" ReferencedProperty="code"/>
        </NavigationProperty>
      </EntityType>
      <EntityType Name="Status">
        <Key>
          <PropertyRef Name="code"/>
        </Key>
        <Property Name="name" Type="Edm.String" MaxLength="255"/>
        <Property Name="descr" Type="Edm.String" MaxLength="1000"/>
        <Property Name="code" Type="Edm.String" Nullable="false"/>
        <Property Name="criticality" Type="Edm.Int32"/>
        <NavigationProperty Name="texts" Type="Collection(ProcessorService.Status_texts)">
          <OnDelete Action="Cascade"/>
        </NavigationProperty>
        <NavigationProperty Name="localized" Type="ProcessorService.Status_texts">
          <ReferentialConstraint Property="code" ReferencedProperty="code"/>
        </NavigationProperty>
      </EntityType>
      <EntityType Name="DraftAdministrativeData">
        <Key>
          <PropertyRef Name="DraftUUID"/>
        </Key>
        <Property Name="DraftUUID" Type="Edm.Guid" Nullable="false"/>
        <Property Name="CreationDateTime" Type="Edm.DateTimeOffset" Precision="7"/>
        <Property Name="CreatedByUser" Type="Edm.String" MaxLength="256"/>
        <Property Name="DraftIsCreatedByMe" Type="Edm.Boolean"/>
        <Property Name="LastChangeDateTime" Type="Edm.DateTimeOffset" Precision="7"/>
        <Property Name="LastChangedByUser" Type="Edm.String" MaxLength="256"/>
        <Property Name="InProcessByUser" Type="Edm.String" MaxLength="256"/>
        <Property Name="DraftIsProcessedByMe" Type="Edm.Boolean"/>
      </EntityType>
      <EntityType Name="Incidents_conversation">
        <Key>
          <PropertyRef Name="up__ID"/>
          <PropertyRef Name="ID"/>
          <PropertyRef Name="IsActiveEntity"/>
        </Key>
        <NavigationProperty Name="up_" Type="ProcessorService.Incidents" Nullable="false" Partner="conversation">
          <ReferentialConstraint Property="up__ID" ReferencedProperty="ID"/>
        </NavigationProperty>
        <Property Name="up__ID" Type="Edm.Guid" Nullable="false"/>
        <Property Name="ID" Type="Edm.Guid" Nullable="false"/>
        <Property Name="timestamp" Type="Edm.DateTimeOffset" Precision="7"/>
        <Property Name="author" Type="Edm.String" MaxLength="255"/>
        <Property Name="message" Type="Edm.String"/>
        <Property Name="IsActiveEntity" Type="Edm.Boolean" Nullable="false" DefaultValue="true"/>
        <Property Name="HasActiveEntity" Type="Edm.Boolean" Nullable="false" DefaultValue="false"/>
        <Property Name="HasDraftEntity" Type="Edm.Boolean" Nullable="false" DefaultValue="false"/>
        <NavigationProperty Name="DraftAdministrativeData" Type="ProcessorService.DraftAdministrativeData" ContainsTarget="true"/>
        <NavigationProperty Name="SiblingEntity" Type="ProcessorService.Incidents_conversation"/>
      </EntityType>
      <EntityType Name="Urgency_texts">
        <Key>
          <PropertyRef Name="locale"/>
          <PropertyRef Name="code"/>
        </Key>
        <Property Name="locale" Type="Edm.String" MaxLength="14" Nullable="false"/>
        <Property Name="name" Type="Edm.String" MaxLength="255"/>
        <Property Name="descr" Type="Edm.String" MaxLength="1000"/>
        <Property Name="code" Type="Edm.String" Nullable="false"/>
      </EntityType>
      <EntityType Name="Status_texts">
        <Key>
          <PropertyRef Name="locale"/>
          <PropertyRef Name="code"/>
        </Key>
        <Property Name="locale" Type="Edm.String" MaxLength="14" Nullable="false"/>
        <Property Name="name" Type="Edm.String" MaxLength="255"/>
        <Property Name="descr" Type="Edm.String" MaxLength="1000"/>
        <Property Name="code" Type="Edm.String" Nullable="false"/>
      </EntityType>
      <Action Name="draftPrepare" IsBound="true" EntitySetPath="in">
        <Parameter Name="in" Type="ProcessorService.Incidents"/>
        <Parameter Name="SideEffectsQualifier" Type="Edm.String"/>
        <ReturnType Type="ProcessorService.Incidents"/>
      </Action>
      <Action Name="draftPrepare" IsBound="true" EntitySetPath="in">
        <Parameter Name="in" Type="ProcessorService.Incidents_conversation"/>
        <Parameter Name="SideEffectsQualifier" Type="Edm.String"/>
        <ReturnType Type="ProcessorService.Incidents_conversation"/>
      </Action>
      <Action Name="draftActivate" IsBound="true" EntitySetPath="in">
        <Parameter Name="in" Type="ProcessorService.Incidents"/>
        <ReturnType Type="ProcessorService.Incidents"/>
      </Action>
      <Action Name="draftEdit" IsBound="true" EntitySetPath="in">
        <Parameter Name="in" Type="ProcessorService.Incidents"/>
        <Parameter Name="PreserveChanges" Type="Edm.Boolean"/>
        <ReturnType Type="ProcessorService.Incidents"/>
      </Action>
      <Annotations Target="ProcessorService.Incidents">
        <Annotation Term="UI.FieldGroup" Qualifier="GeneratedGroup">
          <Record Type="UI.FieldGroupType">
            <PropertyValue Property="Data">
              <Collection>
                <Record Type="UI.DataField">
                  <PropertyValue Property="Value" Path="title"/>
                </Record>
                <Record Type="UI.DataField">
                  <PropertyValue Property="Label" String="{i18n>Customer}"/>
                  <PropertyValue Property="Value" Path="customer_ID"/>
                </Record>
              </Collection>
            </PropertyValue>
          </Record>
        </Annotation>
        <Annotation Term="UI.Facets">
          <Collection>
            <Record Type="UI.CollectionFacet">
              <PropertyValue Property="Label" String="{i18n>Overview}"/>
              <PropertyValue Property="ID" String="i18nOverview"/>
              <PropertyValue Property="Facets">
                <Collection>
                  <Record Type="UI.ReferenceFacet">
                    <PropertyValue Property="ID" String="GeneratedFacet1"/>
                    <PropertyValue Property="Label" String="{i18n>GeneralInformation}"/>
                    <PropertyValue Property="Target" AnnotationPath="@UI.FieldGroup#GeneratedGroup"/>
                  </Record>
                  <Record Type="UI.ReferenceFacet">
                    <PropertyValue Property="Label" String="{i18n>Details}"/>
                    <PropertyValue Property="ID" String="i18nDetails"/>
                    <PropertyValue Property="Target" AnnotationPath="@UI.FieldGroup#i18nDetails"/>
                  </Record>
                </Collection>
              </PropertyValue>
            </Record>
            <Record Type="UI.ReferenceFacet">
              <PropertyValue Property="Label" String="{i18n>Conversation}"/>
              <PropertyValue Property="ID" String="i18nConversation"/>
              <PropertyValue Property="Target" AnnotationPath="conversation/@UI.LineItem#i18nConversation"/>
            </Record>
            <Record Type="UI.ReferenceFacet">
              <PropertyValue Property="Label" String="Address"/>
              <PropertyValue Property="ID" String="Address"/>
              <PropertyValue Property="Target" AnnotationPath="customerAddress/@UI.LineItem#Address"/>
            </Record>
          </Collection>
        </Annotation>
        <Annotation Term="UI.LineItem">
          <Collection>
            <Record Type="UI.DataField">
              <PropertyValue Property="Label" String="customer_ID"/>
              <PropertyValue Property="Value" Path="customer_ID"/>
              <Annotation Term="UI.Hidden" Bool="true"/>
            </Record>
            <Record Type="UI.DataField">
              <PropertyValue Property="Value" Path="title"/>
              <PropertyValue Property="Label" String="{i18n>Title}"/>
            </Record>
            <Record Type="UI.DataField">
              <PropertyValue Property="Value" Path="customer/name"/>
              <PropertyValue Property="Label" String="{i18n>Customer}"/>
            </Record>
            <Record Type="UI.DataField">
              <PropertyValue Property="Label" String="urgency_code"/>
              <PropertyValue Property="Value" Path="urgency_code"/>
              <Annotation Term="UI.Hidden" Bool="true"/>
            </Record>
            <Record Type="UI.DataField">
              <PropertyValue Property="Label" String="status_code"/>
              <PropertyValue Property="Value" Path="status_code"/>
              <Annotation Term="UI.Hidden" Bool="true"/>
            </Record>
            <Record Type="UI.DataField">
              <PropertyValue Property="Value" Path="status/descr"/>
              <PropertyValue Property="Label" String="{i18n>Status}"/>
              <PropertyValue Property="Criticality" Path="status/criticality"/>
            </Record>
            <Record Type="UI.DataField">
              <PropertyValue Property="Value" Path="urgency/descr"/>
              <PropertyValue Property="Label" String="{i18n>Urgency}"/>
            </Record>
          </Collection>
        </Annotation>
        <Annotation Term="UI.SelectionFields">
          <Collection>
            <PropertyPath>status_code</PropertyPath>
            <PropertyPath>urgency_code</PropertyPath>
          </Collection>
        </Annotation>
        <Annotation Term="UI.HeaderInfo">
          <Record Type="UI.HeaderInfoType">
            <PropertyValue Property="Title">
              <Record Type="UI.DataField">
                <PropertyValue Property="Value" Path="title"/>
              </Record>
            </PropertyValue>
            <PropertyValue Property="TypeName" String=""/>
            <PropertyValue Property="TypeNamePlural" String=""/>
            <PropertyValue Property="Description">
              <Record Type="UI.DataField">
                <PropertyValue Property="Value" Path="customer/name"/>
              </Record>
            </PropertyValue>
            <PropertyValue Property="TypeImageUrl" String="sap-icon://alert"/>
          </Record>
        </Annotation>
        <Annotation Term="UI.FieldGroup" Qualifier="i18nDetails">
          <Record Type="UI.FieldGroupType">
            <PropertyValue Property="Data">
              <Collection>
                <Record Type="UI.DataField">
                  <PropertyValue Property="Value" Path="status_code"/>
                </Record>
                <Record Type="UI.DataField">
                  <PropertyValue Property="Value" Path="urgency_code"/>
                </Record>
              </Collection>
            </PropertyValue>
          </Record>
        </Annotation>
      </Annotations>
      <Annotations Target="ProcessorService.EntityContainer/Incidents">
        <Annotation Term="Common.DraftRoot">
          <Record Type="Common.DraftRootType">
            <PropertyValue Property="ActivationAction" String="ProcessorService.draftActivate"/>
            <PropertyValue Property="EditAction" String="ProcessorService.draftEdit"/>
            <PropertyValue Property="PreparationAction" String="ProcessorService.draftPrepare"/>
          </Record>
        </Annotation>
      </Annotations>
      <Annotations Target="ProcessorService.Incidents/ID">
        <Annotation Term="Core.ComputedDefaultValue" Bool="true"/>
      </Annotations>
      <Annotations Target="ProcessorService.Incidents/createdAt">
        <Annotation Term="UI.HiddenFilter" Bool="true"/>
        <Annotation Term="UI.ExcludeFromNavigationContext" Bool="true"/>
        <Annotation Term="Core.Immutable" Bool="true"/>
        <Annotation Term="Core.Computed" Bool="true"/>
        <Annotation Term="Common.Label" String="{i18n>CreatedAt}"/>
      </Annotations>
      <Annotations Target="ProcessorService.Incidents/createdBy">
        <Annotation Term="UI.HiddenFilter" Bool="true"/>
        <Annotation Term="UI.ExcludeFromNavigationContext" Bool="true"/>
        <Annotation Term="Core.Immutable" Bool="true"/>
        <Annotation Term="Core.Computed" Bool="true"/>
        <Annotation Term="Core.Description" String="{i18n>UserID.Description}"/>
        <Annotation Term="Common.Label" String="{i18n>CreatedBy}"/>
      </Annotations>
      <Annotations Target="ProcessorService.Incidents/modifiedAt">
        <Annotation Term="UI.HiddenFilter" Bool="true"/>
        <Annotation Term="UI.ExcludeFromNavigationContext" Bool="true"/>
        <Annotation Term="Core.Computed" Bool="true"/>
        <Annotation Term="Common.Label" String="{i18n>ChangedAt}"/>
      </Annotations>
      <Annotations Target="ProcessorService.Incidents/modifiedBy">
        <Annotation Term="UI.HiddenFilter" Bool="true"/>
        <Annotation Term="UI.ExcludeFromNavigationContext" Bool="true"/>
        <Annotation Term="Core.Computed" Bool="true"/>
        <Annotation Term="Core.Description" String="{i18n>UserID.Description}"/>
        <Annotation Term="Common.Label" String="{i18n>ChangedBy}"/>
      </Annotations>
      <Annotations Target="ProcessorService.Incidents/customer_ID">
        <Annotation Term="Common.ValueList">
          <Record Type="Common.ValueListType">
            <PropertyValue Property="CollectionPath" String="Customers"/>
            <PropertyValue Property="Parameters">
              <Collection>
                <Record Type="Common.ValueListParameterInOut">
                  <PropertyValue Property="LocalDataProperty" PropertyPath="customer_ID"/>
                  <PropertyValue Property="ValueListProperty" String="ID"/>
                </Record>
                <Record Type="Common.ValueListParameterDisplayOnly">
                  <PropertyValue Property="ValueListProperty" String="name"/>
                </Record>
                <Record Type="Common.ValueListParameterDisplayOnly">
                  <PropertyValue Property="ValueListProperty" String="email"/>
                </Record>
              </Collection>
            </PropertyValue>
          </Record>
        </Annotation>
        <Annotation Term="Common.Text" Path="customer/name">
          <Annotation Term="UI.TextArrangement" EnumMember="UI.TextArrangementType/TextOnly"/>
        </Annotation>
        <Annotation Term="Common.ValueListWithFixedValues" Bool="false"/>
      </Annotations>
      <Annotations Target="ProcessorService.Incidents/title">
        <Annotation Term="Common.Label" String="Title"/>
      </Annotations>
      <Annotations Target="ProcessorService.Incidents/urgency">
        <Annotation Term="Common.Label" String="{i18n>Urgency}"/>
      </Annotations>
      <Annotations Target="ProcessorService.Incidents/urgency_code">
        <Annotation Term="Common.Label" String="{i18n>Urgency}"/>
        <Annotation Term="Common.ValueListWithFixedValues" Bool="true"/>
        <Annotation Term="Common.Text" Path="urgency/descr"/>
        <Annotation Term="Common.ValueList">
          <Record Type="Common.ValueListType">
            <PropertyValue Property="Label" String="{i18n>Urgency}"/>
            <PropertyValue Property="CollectionPath" String="Urgency"/>
            <PropertyValue Property="Parameters">
              <Collection>
                <Record Type="Common.ValueListParameterInOut">
                  <PropertyValue Property="LocalDataProperty" PropertyPath="urgency_code"/>
                  <PropertyValue Property="ValueListProperty" String="code"/>
                </Record>
                <Record Type="Common.ValueListParameterDisplayOnly">
                  <PropertyValue Property="ValueListProperty" String="name"/>
                </Record>
              </Collection>
            </PropertyValue>
          </Record>
        </Annotation>
      </Annotations>
      <Annotations Target="ProcessorService.Incidents/status">
        <Annotation Term="Common.Label" String="{i18n>Status}"/>
      </Annotations>
      <Annotations Target="ProcessorService.Incidents/status_code">
        <Annotation Term="Common.Label" String="{i18n>Status}"/>
        <Annotation Term="Common.ValueListWithFixedValues" Bool="true"/>
        <Annotation Term="Common.Text" Path="status/descr"/>
        <Annotation Term="Common.ValueList">
          <Record Type="Common.ValueListType">
            <PropertyValue Property="Label" String="{i18n>Status}"/>
            <PropertyValue Property="CollectionPath" String="Status"/>
            <PropertyValue Property="Parameters">
              <Collection>
                <Record Type="Common.ValueListParameterInOut">
                  <PropertyValue Property="LocalDataProperty" PropertyPath="status_code"/>
                  <PropertyValue Property="ValueListProperty" String="code"/>
                </Record>
                <Record Type="Common.ValueListParameterDisplayOnly">
                  <PropertyValue Property="ValueListProperty" String="name"/>
                </Record>
              </Collection>
            </PropertyValue>
          </Record>
        </Annotation>
      </Annotations>
      <Annotations Target="ProcessorService.Incidents/IsActiveEntity">
        <Annotation Term="UI.Hidden" Bool="true"/>
      </Annotations>
      <Annotations Target="ProcessorService.Incidents/HasActiveEntity">
        <Annotation Term="UI.Hidden" Bool="true"/>
      </Annotations>
      <Annotations Target="ProcessorService.Incidents/HasDraftEntity">
        <Annotation Term="UI.Hidden" Bool="true"/>
      </Annotations>
      <Annotations Target="ProcessorService.Incidents/DraftAdministrativeData">
        <Annotation Term="UI.Hidden" Bool="true"/>
      </Annotations>
      <Annotations Target="ProcessorService.EntityContainer/Customers">
        <Annotation Term="Capabilities.DeleteRestrictions">
          <Record Type="Capabilities.DeleteRestrictionsType">
            <PropertyValue Property="Deletable" Bool="false"/>
          </Record>
        </Annotation>
        <Annotation Term="Capabilities.InsertRestrictions">
          <Record Type="Capabilities.InsertRestrictionsType">
            <PropertyValue Property="Insertable" Bool="false"/>
          </Record>
        </Annotation>
        <Annotation Term="Capabilities.UpdateRestrictions">
          <Record Type="Capabilities.UpdateRestrictionsType">
            <PropertyValue Property="Updatable" Bool="false"/>
          </Record>
        </Annotation>
      </Annotations>
      <Annotations Target="ProcessorService.Customers/createdAt">
        <Annotation Term="UI.HiddenFilter" Bool="true"/>
        <Annotation Term="UI.ExcludeFromNavigationContext" Bool="true"/>
        <Annotation Term="Core.Immutable" Bool="true"/>
        <Annotation Term="Core.Computed" Bool="true"/>
        <Annotation Term="Common.Label" String="{i18n>CreatedAt}"/>
      </Annotations>
      <Annotations Target="ProcessorService.Customers/createdBy">
        <Annotation Term="UI.HiddenFilter" Bool="true"/>
        <Annotation Term="UI.ExcludeFromNavigationContext" Bool="true"/>
        <Annotation Term="Core.Immutable" Bool="true"/>
        <Annotation Term="Core.Computed" Bool="true"/>
        <Annotation Term="Core.Description" String="{i18n>UserID.Description}"/>
        <Annotation Term="Common.Label" String="{i18n>CreatedBy}"/>
      </Annotations>
      <Annotations Target="ProcessorService.Customers/modifiedAt">
        <Annotation Term="UI.HiddenFilter" Bool="true"/>
        <Annotation Term="UI.ExcludeFromNavigationContext" Bool="true"/>
        <Annotation Term="Core.Computed" Bool="true"/>
        <Annotation Term="Common.Label" String="{i18n>ChangedAt}"/>
      </Annotations>
      <Annotations Target="ProcessorService.Customers/modifiedBy">
        <Annotation Term="UI.HiddenFilter" Bool="true"/>
        <Annotation Term="UI.ExcludeFromNavigationContext" Bool="true"/>
        <Annotation Term="Core.Computed" Bool="true"/>
        <Annotation Term="Core.Description" String="{i18n>UserID.Description}"/>
        <Annotation Term="Common.Label" String="{i18n>ChangedBy}"/>
      </Annotations>
      <Annotations Target="ProcessorService.Customers/name">
        <Annotation Term="Core.Computed" Bool="true"/>
      </Annotations>
      <Annotations Target="ProcessorService.Customers/creditCardNo">
        <Annotation Term="Validation.Pattern" String="^[1-9]\d{15}$"/>
      </Annotations>
      <Annotations Target="ProcessorService.Addresses">
        <Annotation Term="UI.LineItem" Qualifier="Address">
          <Collection>
            <Record Type="UI.DataField">
              <PropertyValue Property="Value" Path="streetAddress"/>
              <PropertyValue Property="Label" String="Street Address"/>
            </Record>
            <Record Type="UI.DataField">
              <PropertyValue Property="Value" Path="city"/>
              <PropertyValue Property="Label" String="City"/>
            </Record>
            <Record Type="UI.DataField">
              <PropertyValue Property="Value" Path="postCode"/>
              <PropertyValue Property="Label" String="Postal Code"/>
            </Record>
          </Collection>
        </Annotation>
      </Annotations>
      <Annotations Target="ProcessorService.EntityContainer/Addresses">
        <Annotation Term="Capabilities.DeleteRestrictions">
          <Record Type="Capabilities.DeleteRestrictionsType">
            <PropertyValue Property="Deletable" Bool="false"/>
          </Record>
        </Annotation>
        <Annotation Term="Capabilities.InsertRestrictions">
          <Record Type="Capabilities.InsertRestrictionsType">
            <PropertyValue Property="Insertable" Bool="false"/>
          </Record>
        </Annotation>
        <Annotation Term="Capabilities.UpdateRestrictions">
          <Record Type="Capabilities.UpdateRestrictionsType">
            <PropertyValue Property="Updatable" Bool="false"/>
          </Record>
        </Annotation>
      </Annotations>
      <Annotations Target="ProcessorService.Addresses/ID">
        <Annotation Term="Core.ComputedDefaultValue" Bool="true"/>
      </Annotations>
      <Annotations Target="ProcessorService.Addresses/createdAt">
        <Annotation Term="UI.HiddenFilter" Bool="true"/>
        <Annotation Term="UI.ExcludeFromNavigationContext" Bool="true"/>
        <Annotation Term="Core.Immutable" Bool="true"/>
        <Annotation Term="Core.Computed" Bool="true"/>
        <Annotation Term="Common.Label" String="{i18n>CreatedAt}"/>
      </Annotations>
      <Annotations Target="ProcessorService.Addresses/createdBy">
        <Annotation Term="UI.HiddenFilter" Bool="true"/>
        <Annotation Term="UI.ExcludeFromNavigationContext" Bool="true"/>
        <Annotation Term="Core.Immutable" Bool="true"/>
        <Annotation Term="Core.Computed" Bool="true"/>
        <Annotation Term="Core.Description" String="{i18n>UserID.Description}"/>
        <Annotation Term="Common.Label" String="{i18n>CreatedBy}"/>
      </Annotations>
      <Annotations Target="ProcessorService.Addresses/modifiedAt">
        <Annotation Term="UI.HiddenFilter" Bool="true"/>
        <Annotation Term="UI.ExcludeFromNavigationContext" Bool="true"/>
        <Annotation Term="Core.Computed" Bool="true"/>
        <Annotation Term="Common.Label" String="{i18n>ChangedAt}"/>
      </Annotations>
      <Annotations Target="ProcessorService.Addresses/modifiedBy">
        <Annotation Term="UI.HiddenFilter" Bool="true"/>
        <Annotation Term="UI.ExcludeFromNavigationContext" Bool="true"/>
        <Annotation Term="Core.Computed" Bool="true"/>
        <Annotation Term="Core.Description" String="{i18n>UserID.Description}"/>
        <Annotation Term="Common.Label" String="{i18n>ChangedBy}"/>
      </Annotations>
      <Annotations Target="ProcessorService.Urgency">
        <Annotation Term="UI.Identification">
          <Collection>
            <Record Type="UI.DataField">
              <PropertyValue Property="Value" Path="name"/>
            </Record>
          </Collection>
        </Annotation>
      </Annotations>
      <Annotations Target="ProcessorService.Urgency/name">
        <Annotation Term="Common.Label" String="{i18n>Name}"/>
      </Annotations>
      <Annotations Target="ProcessorService.Urgency/descr">
        <Annotation Term="Common.Label" String="{i18n>Description}"/>
      </Annotations>
      <Annotations Target="ProcessorService.Urgency/code">
        <Annotation Term="Common.Text" Path="descr"/>
        <Annotation Term="Validation.AllowedValues">
          <Collection>
            <Record Type="Validation.AllowedValue">
              <Annotation Term="Core.SymbolicName" String="high"/>
              <PropertyValue Property="Value" String="H"/>
            </Record>
            <Record Type="Validation.AllowedValue">
              <Annotation Term="Core.SymbolicName" String="medium"/>
              <PropertyValue Property="Value" String="M"/>
            </Record>
            <Record Type="Validation.AllowedValue">
              <Annotation Term="Core.SymbolicName" String="low"/>
              <PropertyValue Property="Value" String="L"/>
            </Record>
          </Collection>
        </Annotation>
      </Annotations>
      <Annotations Target="ProcessorService.Status">
        <Annotation Term="UI.Identification">
          <Collection>
            <Record Type="UI.DataField">
              <PropertyValue Property="Value" Path="name"/>
            </Record>
          </Collection>
        </Annotation>
      </Annotations>
      <Annotations Target="ProcessorService.Status/name">
        <Annotation Term="Common.Label" String="{i18n>Name}"/>
      </Annotations>
      <Annotations Target="ProcessorService.Status/descr">
        <Annotation Term="Common.Label" String="{i18n>Description}"/>
      </Annotations>
      <Annotations Target="ProcessorService.Status/code">
        <Annotation Term="Common.Text" Path="descr"/>
        <Annotation Term="Validation.AllowedValues">
          <Collection>
            <Record Type="Validation.AllowedValue">
              <Annotation Term="Core.SymbolicName" String="new"/>
              <PropertyValue Property="Value" String="N"/>
            </Record>
            <Record Type="Validation.AllowedValue">
              <Annotation Term="Core.SymbolicName" String="assigned"/>
              <PropertyValue Property="Value" String="A"/>
            </Record>
            <Record Type="Validation.AllowedValue">
              <Annotation Term="Core.SymbolicName" String="in_process"/>
              <PropertyValue Property="Value" String="I"/>
            </Record>
            <Record Type="Validation.AllowedValue">
              <Annotation Term="Core.SymbolicName" String="on_hold"/>
              <PropertyValue Property="Value" String="H"/>
            </Record>
            <Record Type="Validation.AllowedValue">
              <Annotation Term="Core.SymbolicName" String="resolved"/>
              <PropertyValue Property="Value" String="R"/>
            </Record>
            <Record Type="Validation.AllowedValue">
              <Annotation Term="Core.SymbolicName" String="closed"/>
              <PropertyValue Property="Value" String="C"/>
            </Record>
          </Collection>
        </Annotation>
      </Annotations>
      <Annotations Target="ProcessorService.DraftAdministrativeData">
        <Annotation Term="Common.Label" String="{i18n>Draft_DraftAdministrativeData}"/>
      </Annotations>
      <Annotations Target="ProcessorService.DraftAdministrativeData/DraftUUID">
        <Annotation Term="UI.Hidden" Bool="true"/>
        <Annotation Term="Common.Label" String="{i18n>Draft_DraftUUID}"/>
        <Annotation Term="Core.ComputedDefaultValue" Bool="true"/>
      </Annotations>
      <Annotations Target="ProcessorService.DraftAdministrativeData/CreationDateTime">
        <Annotation Term="Common.Label" String="{i18n>Draft_CreationDateTime}"/>
      </Annotations>
      <Annotations Target="ProcessorService.DraftAdministrativeData/CreatedByUser">
        <Annotation Term="Common.Label" String="{i18n>Draft_CreatedByUser}"/>
      </Annotations>
      <Annotations Target="ProcessorService.DraftAdministrativeData/DraftIsCreatedByMe">
        <Annotation Term="UI.Hidden" Bool="true"/>
        <Annotation Term="Common.Label" String="{i18n>Draft_DraftIsCreatedByMe}"/>
      </Annotations>
      <Annotations Target="ProcessorService.DraftAdministrativeData/LastChangeDateTime">
        <Annotation Term="Common.Label" String="{i18n>Draft_LastChangeDateTime}"/>
      </Annotations>
      <Annotations Target="ProcessorService.DraftAdministrativeData/LastChangedByUser">
        <Annotation Term="Common.Label" String="{i18n>Draft_LastChangedByUser}"/>
      </Annotations>
      <Annotations Target="ProcessorService.DraftAdministrativeData/InProcessByUser">
        <Annotation Term="Common.Label" String="{i18n>Draft_InProcessByUser}"/>
      </Annotations>
      <Annotations Target="ProcessorService.DraftAdministrativeData/DraftIsProcessedByMe">
        <Annotation Term="UI.Hidden" Bool="true"/>
        <Annotation Term="Common.Label" String="{i18n>Draft_DraftIsProcessedByMe}"/>
      </Annotations>
      <Annotations Target="ProcessorService.Incidents_conversation">
        <Annotation Term="UI.LineItem" Qualifier="i18nConversation">
          <Collection>
            <Record Type="UI.DataField">
              <PropertyValue Property="Value" Path="author"/>
              <PropertyValue Property="Label" String="{i18n>Author}"/>
            </Record>
            <Record Type="UI.DataField">
              <PropertyValue Property="Value" Path="message"/>
              <PropertyValue Property="Label" String="{i18n>Message}"/>
            </Record>
            <Record Type="UI.DataField">
              <PropertyValue Property="Value" Path="timestamp"/>
              <PropertyValue Property="Label" String="{i18n>Date}"/>
            </Record>
          </Collection>
        </Annotation>
      </Annotations>
      <Annotations Target="ProcessorService.EntityContainer/Incidents_conversation">
        <Annotation Term="Common.DraftNode">
          <Record Type="Common.DraftNodeType">
            <PropertyValue Property="PreparationAction" String="ProcessorService.draftPrepare"/>
          </Record>
        </Annotation>
      </Annotations>
      <Annotations Target="ProcessorService.Incidents_conversation/ID">
        <Annotation Term="Core.ComputedDefaultValue" Bool="true"/>
      </Annotations>
      <Annotations Target="ProcessorService.Incidents_conversation/timestamp">
        <Annotation Term="UI.HiddenFilter" Bool="true"/>
        <Annotation Term="UI.ExcludeFromNavigationContext" Bool="true"/>
        <Annotation Term="Core.Immutable" Bool="true"/>
        <Annotation Term="Core.Computed" Bool="true"/>
        <Annotation Term="Common.Label" String="{i18n>CreatedAt}"/>
      </Annotations>
      <Annotations Target="ProcessorService.Incidents_conversation/author">
        <Annotation Term="UI.HiddenFilter" Bool="true"/>
        <Annotation Term="UI.ExcludeFromNavigationContext" Bool="true"/>
        <Annotation Term="Core.Immutable" Bool="true"/>
        <Annotation Term="Core.Computed" Bool="true"/>
        <Annotation Term="Core.Description" String="{i18n>UserID.Description}"/>
        <Annotation Term="Common.Label" String="{i18n>CreatedBy}"/>
      </Annotations>
      <Annotations Target="ProcessorService.Incidents_conversation/IsActiveEntity">
        <Annotation Term="UI.Hidden" Bool="true"/>
      </Annotations>
      <Annotations Target="ProcessorService.Incidents_conversation/HasActiveEntity">
        <Annotation Term="UI.Hidden" Bool="true"/>
      </Annotations>
      <Annotations Target="ProcessorService.Incidents_conversation/HasDraftEntity">
        <Annotation Term="UI.Hidden" Bool="true"/>
      </Annotations>
      <Annotations Target="ProcessorService.Incidents_conversation/DraftAdministrativeData">
        <Annotation Term="UI.Hidden" Bool="true"/>
      </Annotations>
      <Annotations Target="ProcessorService.Urgency_texts/locale">
        <Annotation Term="Common.Label" String="{i18n>LanguageCode}"/>
      </Annotations>
      <Annotations Target="ProcessorService.Urgency_texts/name">
        <Annotation Term="Common.Label" String="{i18n>Name}"/>
      </Annotations>
      <Annotations Target="ProcessorService.Urgency_texts/descr">
        <Annotation Term="Common.Label" String="{i18n>Description}"/>
      </Annotations>
      <Annotations Target="ProcessorService.Urgency_texts/code">
        <Annotation Term="Validation.AllowedValues">
          <Collection>
            <Record Type="Validation.AllowedValue">
              <Annotation Term="Core.SymbolicName" String="high"/>
              <PropertyValue Property="Value" String="H"/>
            </Record>
            <Record Type="Validation.AllowedValue">
              <Annotation Term="Core.SymbolicName" String="medium"/>
              <PropertyValue Property="Value" String="M"/>
            </Record>
            <Record Type="Validation.AllowedValue">
              <Annotation Term="Core.SymbolicName" String="low"/>
              <PropertyValue Property="Value" String="L"/>
            </Record>
          </Collection>
        </Annotation>
      </Annotations>
      <Annotations Target="ProcessorService.Status_texts/locale">
        <Annotation Term="Common.Label" String="{i18n>LanguageCode}"/>
      </Annotations>
      <Annotations Target="ProcessorService.Status_texts/name">
        <Annotation Term="Common.Label" String="{i18n>Name}"/>
      </Annotations>
      <Annotations Target="ProcessorService.Status_texts/descr">
        <Annotation Term="Common.Label" String="{i18n>Description}"/>
      </Annotations>
      <Annotations Target="ProcessorService.Status_texts/code">
        <Annotation Term="Validation.AllowedValues">
          <Collection>
            <Record Type="Validation.AllowedValue">
              <Annotation Term="Core.SymbolicName" String="new"/>
              <PropertyValue Property="Value" String="N"/>
            </Record>
            <Record Type="Validation.AllowedValue">
              <Annotation Term="Core.SymbolicName" String="assigned"/>
              <PropertyValue Property="Value" String="A"/>
            </Record>
            <Record Type="Validation.AllowedValue">
              <Annotation Term="Core.SymbolicName" String="in_process"/>
              <PropertyValue Property="Value" String="I"/>
            </Record>
            <Record Type="Validation.AllowedValue">
              <Annotation Term="Core.SymbolicName" String="on_hold"/>
              <PropertyValue Property="Value" String="H"/>
            </Record>
            <Record Type="Validation.AllowedValue">
              <Annotation Term="Core.SymbolicName" String="resolved"/>
              <PropertyValue Property="Value" String="R"/>
            </Record>
            <Record Type="Validation.AllowedValue">
              <Annotation Term="Core.SymbolicName" String="closed"/>
              <PropertyValue Property="Value" String="C"/>
            </Record>
          </Collection>
        </Annotation>
      </Annotations>
    </Schema>
  </edmx:DataServices>
</edmx:Edmx>