[
  {
    "ID": "ff13d2fa-e00f-4ee5-951c-3303f490777b",
    "createdAt": "2025-07-11T14:45:07.105906Z",
    "createdBy": "system-internal",
    "modifiedAt": "2025-07-11T14:45:07.105906Z",
    "modifiedBy": "system-internal",
    "customer_ID": "CUST001",
    "city": "Walldorf",
    "postCode": "69190",
    "streetAddress": "Dietmar-Hopp-Allee"
  },
  {
    "ID": "d8e797d9-6507-4aaa-b43f-5d2301df5135",
    "createdAt": "2025-07-11T14:45:07.105906Z",
    "createdBy": "system-internal",
    "modifiedAt": "2025-07-11T14:45:07.105906Z",
    "modifiedBy": "system-internal",
    "customer_ID": "CUST002",
    "city": "Munich",
    "postCode": "80809",
    "streetAddress": "Olympia Park"
  },
  {
    "ID": "17e00347-dc7e-4ca9-9c5d-06ccef69f064",
    "createdAt": "2025-07-11T14:45:07.105906Z",
    "createdBy": "system-internal",
    "modifiedAt": "2025-07-11T14:45:07.105906Z",
    "modifiedBy": "system-internal",
    "customer_ID": "CUST003",
    "city": "Rome",
    "postCode": "00164",
    "streetAddress": "Piazza Adriana"
  }
]