[
  {
    "ID": "CUST001",
    "createdAt": "2023-12-01T10:00:00.000Z",
    "createdBy": "system.admin@company.com",
    "modifiedAt": "2024-01-10T15:30:00.000Z",
    "modifiedBy": "user.admin@company.com",
    "firstName": "John",
    "lastName": "Doe",
    "name": "John Doe",
    "email": "john.doe@customer.com",
    "phone": "+1-555-123-4567",
    "creditCardNo": "1234567890123456"
  },
  {
    "ID": "CUST002",
    "createdAt": "2023-12-02T11:15:00.000Z",
    "createdBy": "system.admin@company.com",
    "modifiedAt": "2024-01-11T14:20:00.000Z",
    "modifiedBy": "user.admin@company.com",
    "firstName": "Jane",
    "lastName": "Smith",
    "name": "Jane Smith",
    "email": "jane.smith@customer.com",
    "phone": "+1-555-234-5678",
    "creditCardNo": "2345678901234567"
  },
  {
    "ID": "CUST003",
    "createdAt": "2023-12-03T12:30:00.000Z",
    "createdBy": "system.admin@company.com",
    "modifiedAt": "2024-01-12T16:45:00.000Z",
    "modifiedBy": "user.admin@company.com",
    "firstName": "Michael",
    "lastName": "Johnson",
    "name": "Michael Johnson",
    "email": "michael.johnson@customer.com",
    "phone": "+1-555-345-6789",
    "creditCardNo": "3456789012345678"
  }
]